timestamp,action,hostname,other_hostname,ip,port,status
2025-02-07 22:23:34,send,host1,host2,192.168.1.2,5001,timeout
2025-02-07 22:23:44,send,host1,host2,192.168.1.2,5001,timeout
2025-02-07 22:23:54,send,host1,host2,192.168.1.2,5001,timeout
2025-02-07 22:24:04,send,host1,host2,192.168.1.2,5001,timeout
2025-02-07 22:24:14,send,host1,host2,192.168.1.2,5001,timeout
2025-02-07 22:24:24,send,host1,host2,192.168.1.2,5001,timeout
2025-02-07 22:24:34,send,host1,host2,192.168.1.2,5001,timeout
2025-02-07 22:24:44,send,host1,host2,192.168.1.2,5001,timeout
2025-02-07 22:24:54,send,host1,host2,192.168.1.2,5001,timeout
2025-02-07 22:25:04,send,host1,host2,192.168.1.2,5001,timeout
2025-02-07 22:25:14,send,host1,host2,192.168.1.2,5001,timeout
